Parent,Child,Haplotype,Type,Segment,Change
normal,clone0,paternal,dup,chr22:500001-1000000,1->3
normal,clone0,maternal,del,chr22:3500001-4000000,1->0
normal,clone0,maternal,dup,chr22:4000001-4500000,1->2
normal,clone0,maternal,dup,chr22:5000001-5500000,1->2
normal,clone0,maternal,dup,chr22:8000001-8500000,1->4
normal,clone0,paternal,dup,chr22:8000001-8500000,1->3
normal,clone0,maternal,dup,chr22:12500001-13000000,1->2
normal,clone0,paternal,dup,chr22:12500001-13000000,1->3
normal,clone0,maternal,dup,chr22:13500001-14000000,1->3
normal,clone0,paternal,dup,chr22:13500001-14000000,1->3
normal,clone0,maternal,dup,chr22:15000001-15500000,1->4
normal,clone0,paternal,dup,chr22:15000001-15500000,1->2
normal,clone0,maternal,dup,chr22:16500001-17000000,1->2
normal,clone0,paternal,dup,chr22:16500001-17000000,1->4
normal,clone0,maternal,dup,chr22:20000001-20500000,1->3
normal,clone0,paternal,dup,chr22:20000001-20500000,1->3
normal,clone0,maternal,dup,chr22:22500001-23000000,1->2
normal,clone0,maternal,dup,chr22:25500001-26000000,1->4
normal,clone0,paternal,dup,chr22:25500001-26000000,1->4
normal,clone0,maternal,dup,chr22:26500001-27000000,1->4
normal,clone0,paternal,dup,chr22:26500001-27000000,1->2
normal,clone0,paternal,dup,chr22:30000001-30500000,1->3
normal,clone0,maternal,dup,chr22:32500001-33000000,1->2
normal,clone0,paternal,del,chr22:32500001-33000000,1->0
normal,clone0,maternal,dup,chr22:33500001-34000000,1->2
normal,clone0,paternal,del,chr22:33500001-34000000,1->0
normal,clone0,maternal,dup,chr22:39000001-39500000,1->3
normal,clone0,paternal,dup,chr22:39000001-39500000,1->2
normal,clone0,maternal,dup,chr22:41500001-42000000,1->2
normal,clone0,paternal,dup,chr22:41500001-42000000,1->3
normal,clone0,maternal,del,chr22:45500001-46000000,1->0
normal,clone0,paternal,dup,chr22:45500001-46000000,1->3
normal,clone0,maternal,dup,chr22:46000001-46500000,1->3
normal,clone0,paternal,dup,chr22:46000001-46500000,1->3
clone0,clone1,maternal,dup,chr22:1-500000,1->3
clone0,clone1,maternal,dup,chr22:1000001-1500000,1->3
clone0,clone1,paternal,dup,chr22:1000001-1500000,1->2
clone0,clone1,maternal,dup,chr22:3000001-3500000,1->3
clone0,clone1,paternal,dup,chr22:3000001-3500000,1->2
clone0,clone1,maternal,dup,chr22:6500001-7000000,1->4
clone0,clone1,maternal,dup,chr22:8000001-8500000,4->5
clone0,clone1,paternal,dup,chr22:8000001-8500000,4->5
clone0,clone1,maternal,dup,chr22:8500001-9000000,1->5
clone0,clone1,paternal,dup,chr22:8500001-9000000,1->3
clone0,clone1,maternal,dup,chr22:9500001-10000000,1->3
clone0,clone1,paternal,dup,chr22:9500001-10000000,1->4
clone0,clone1,maternal,dup,chr22:14000001-14500000,1->2
clone0,clone1,maternal,dup,chr22:16000001-16500000,1->3
clone0,clone1,paternal,dup,chr22:16000001-16500000,1->4
clone0,clone1,maternal,dup,chr22:20500001-21000000,1->4
clone0,clone1,paternal,dup,chr22:20500001-21000000,1->3
clone0,clone1,paternal,dup,chr22:21000001-21500000,1->2
clone0,clone1,paternal,dup,chr22:22000001-22500000,1->4
clone0,clone1,maternal,dup,chr22:22500001-23000000,2->3
clone0,clone1,maternal,dup,chr22:24500001-25000000,1->3
clone0,clone1,paternal,dup,chr22:24500001-25000000,1->2
clone0,clone1,maternal,dup,chr22:27000001-27500000,1->2
clone0,clone1,paternal,dup,chr22:27500001-28000000,1->3
clone0,clone1,maternal,dup,chr22:32500001-33000000,2->4
clone0,clone1,paternal,dup,chr22:32500001-33000000,2->5
clone0,clone1,maternal,dup,chr22:36500001-37000000,1->4
clone0,clone1,paternal,dup,chr22:36500001-37000000,1->4
clone0,clone1,maternal,dup,chr22:37500001-38000000,1->5
clone0,clone1,paternal,dup,chr22:37500001-38000000,1->3
clone0,clone1,maternal,dup,chr22:38000001-38500000,1->2
clone0,clone1,paternal,dup,chr22:38000001-38500000,1->4
clone0,clone1,maternal,dup,chr22:38500001-39000000,1->3
clone0,clone1,paternal,dup,chr22:38500001-39000000,1->3
clone0,clone1,maternal,dup,chr22:39000001-39500000,3->4
clone0,clone1,maternal,dup,chr22:42500001-43000000,1->5
clone0,clone1,paternal,dup,chr22:42500001-43000000,1->3
clone0,clone1,paternal,dup,chr22:44000001-44500000,1->5
clone0,clone1,paternal,dup,chr22:48000001-48500000,1->2
clone1,clone2,maternal,dup,chr22:500001-1000000,1->3
clone1,clone2,paternal,dup,chr22:500001-1000000,1->5
clone1,clone2,maternal,dup,chr22:4500001-5000000,1->5
clone1,clone2,paternal,dup,chr22:4500001-5000000,1->3
clone1,clone2,maternal,dup,chr22:5000001-5500000,2->5
clone1,clone2,paternal,dup,chr22:6500001-7000000,4->5
clone1,clone2,maternal,dup,chr22:7000001-7500000,1->3
clone1,clone2,paternal,dup,chr22:7000001-7500000,1->3
clone1,clone2,maternal,dup,chr22:7500001-8000000,1->3
clone1,clone2,paternal,dup,chr22:7500001-8000000,1->4
clone1,clone2,maternal,dup,chr22:10500001-11000000,1->4
clone1,clone2,paternal,dup,chr22:10500001-11000000,1->2
clone1,clone2,maternal,dup,chr22:12000001-12500000,1->4
clone1,clone2,paternal,dup,chr22:12000001-12500000,1->3
clone1,clone2,maternal,dup,chr22:14500001-15000000,1->2
clone1,clone2,maternal,dup,chr22:15500001-16000000,1->4
clone1,clone2,paternal,dup,chr22:15500001-16000000,1->4
clone1,clone2,maternal,dup,chr22:17500001-18000000,1->4
clone1,clone2,paternal,dup,chr22:17500001-18000000,1->3
clone1,clone2,paternal,dup,chr22:22500001-23000000,3->5
clone1,clone2,maternal,dup,chr22:24000001-24500000,1->2
clone1,clone2,paternal,dup,chr22:24000001-24500000,1->4
clone1,clone2,maternal,dup,chr22:24500001-25000000,3->4
clone1,clone2,paternal,dup,chr22:24500001-25000000,3->4
clone1,clone2,maternal,dup,chr22:27000001-27500000,2->4
clone1,clone2,paternal,dup,chr22:27000001-27500000,2->5
clone1,clone2,paternal,dup,chr22:29500001-30000000,1->4
clone1,clone2,paternal,dup,chr22:31000001-31500000,1->3
clone1,clone2,maternal,dup,chr22:31500001-32000000,1->2
clone1,clone2,paternal,dup,chr22:31500001-32000000,1->3
clone1,clone2,maternal,dup,chr22:33500001-34000000,2->3
clone1,clone2,paternal,dup,chr22:33500001-34000000,2->5
clone1,clone2,maternal,dup,chr22:34000001-34500000,1->2
clone1,clone2,paternal,dup,chr22:34000001-34500000,1->3
clone1,clone2,maternal,dup,chr22:36500001-37000000,4->5
clone1,clone2,paternal,dup,chr22:36500001-37000000,4->5
clone1,clone2,maternal,dup,chr22:38000001-38500000,2->5
clone1,clone2,paternal,dup,chr22:38000001-38500000,2->4
clone1,clone2,maternal,dup,chr22:40500001-41000000,1->4
clone1,clone2,paternal,dup,chr22:40500001-41000000,1->2
clone1,clone2,maternal,dup,chr22:44500001-45000000,1->4
clone1,clone2,paternal,dup,chr22:47000001-47500000,1->5
clone1,clone2,maternal,dup,chr22:47500001-48000000,1->4
clone1,clone2,maternal,dup,chr22:49000001-49500000,1->3
clone1,clone2,paternal,dup,chr22:49000001-49500000,1->4
clone1,clone2,maternal,dup,chr22:50500001-51000000,1->2
clone1,clone2,maternal,dup,chr22:51000001-51302940,1->2
